Aug. 29, 2023 11:55:37,An
Aug. 29, 2023 12:57:36,Aus
Aug. 29, 2023 18:56:26,An
Aug. 29, 2023 19:03:08,Aus
Aug. 29, 2023 21:05:27,An
Aug. 29, 2023 21:54:14,Aus
Aug. 30, 2023 16:57:27,An
Aug. 30, 2023 17:16:30,Aus
Aug. 30, 2023 19:23:29,An
Aug. 30, 2023 19:30:50,Aus
Aug. 30, 2023 19:33:28,An
Aug. 30, 2023 19:33:57,Aus
Aug. 30, 2023 19:34:55,An
Aug. 30, 2023 19:44:30,Aus
Aug. 30, 2023 19:45:28,An
Aug. 30, 2023 20:28:55,Aus
Aug. 30, 2023 20:54:28,An
Aug. 30, 2023 21:40:35,Aus
Aug. 30, 2023 22:22:27,An
Aug. 30, 2023 22:35:50,Aus
Aug. 31, 2023 16:53:57,An
Aug. 31, 2023 16:57:58,Aus
Aug. 31, 2023 17:00:51,An
Aug. 31, 2023 17:20:54,Aus
Aug. 31, 2023 18:59:32,An
Aug. 31, 2023 19:06:51,Aus
Aug. 31, 2023 20:47:50,An
Aug. 31, 2023 21:30:37,Aus
Sep 1, 2023 7:09:52 PM,An
Sep 1, 2023 7:12:16 PM,An
Sep 1, 2023 7:11:13 PM,Aus
Sep 1, 2023 7:17:38 PM,Aus
Sep 1, 2023 7:45:53 PM,An
Sep 1, 2023 8:37:02 PM,Aus
Sep 2, 2023 9:42:47 AM,An
Sep 2, 2023 9:46:28 AM,Aus
Sep 2, 2023 7:33:46 PM,An
Sep 2, 2023 7:40:08 PM,Aus
Sep 2, 2023 8:09:47 PM,An
Sep 2, 2023 9:44:40 PM,Aus
Sep 2, 2023 10:24:03 PM,An
Sep 2, 2023 11:22:17 PM,Aus
Sep 3, 2023 7:21:51 PM,An
Sep 3, 2023 7:28:12 PM,Aus
Sep 3, 2023 7:32:51 PM,An
Sep 3, 2023 7:57:14 PM,Aus
Sep 4, 2023 7:03:51 PM,An
Sep 4, 2023 7:04:18 PM,Aus
Sep 4, 2023 7:04:21 PM,An
Sep 4, 2023 7:12:12 PM,Aus
Sep 4, 2023 7:15:50 PM,An
Sep 4, 2023 8:19:21 PM,Aus
Sep 4, 2023 8:58:50 PM,An
Sep 4, 2023 9:59:58 PM,Aus
Sep 5, 2023 7:19:49 PM,An
Sep 5, 2023 7:26:51 PM,Aus
Sep 5, 2023 7:43:50 PM,An
Sep 5, 2023 8:08:34 PM,Aus
Sep 5, 2023 8:32:22 PM,An
Sep 5, 2023 8:32:49 PM,Aus
Sep 5, 2023 8:32:50 PM,An
Sep 5, 2023 8:34:19 PM,Aus
Sep 5, 2023 8:54:51 PM,An
Sep 5, 2023 8:58:32 PM,Aus
Sep 5, 2023 9:08:51 PM,An
Sep 5, 2023 9:55:58 PM,Aus
Sep 6, 2023 5:25:50 PM,An
Sep 6, 2023 5:45:13 PM,Aus
Sep 6, 2023 6:54:50 PM,An
Sep 6, 2023 7:02:32 PM,Aus
Sep 6, 2023 7:14:50 PM,An
Sep 6, 2023 7:40:14 PM,Aus
Sep 6, 2023 8:47:51 PM,An
Sep 6, 2023 9:34:38 PM,Aus
Sep 7, 2023 7:08:51 PM,An
Sep 7, 2023 7:15:32 PM,Aus
Sep 7, 2023 7:19:50 PM,An
Sep 7, 2023 8:10:18 PM,Aus
Sep 7, 2023 9:35:51 PM,An
Sep 7, 2023 9:55:34 PM,Aus
Sep 8, 2023 4:45:52 PM,An
Sep 8, 2023 5:03:35 PM,Aus
Sep 8, 2023 7:36:53 PM,An
Sep 8, 2023 7:38:04 PM,An
Sep 8, 2023 7:39:06 PM,Aus
Sep 8, 2023 7:40:01 PM,An
Sep 8, 2023 7:40:23 PM,Aus
Sep 8, 2023 7:40:51 PM,An
Sep 8, 2023 7:41:12 PM,Aus
Sep 8, 2023 7:41:49 PM,An
Sep 8, 2023 7:43:14 PM,An
Sep 8, 2023 7:45:56 PM,Aus
Sep 8, 2023 9:17:50 PM,An
Sep 8, 2023 10:27:33 PM,Aus
Sep 9, 2023 11:22:47 AM,An
Sep 9, 2023 11:45:30 AM,Aus
Sep 9, 2023 11:46:44 AM,An
Sep 9, 2023 11:46:45 AM,Aus
Sep 10, 2023 3:05:47 PM,An
Sep 10, 2023 3:33:51 PM,Aus
Sep 10, 2023 7:04:47 PM,An
Sep 10, 2023 7:12:49 PM,Aus
Sep 10, 2023 7:14:47 PM,An
Sep 10, 2023 8:01:54 PM,Aus
Sep 10, 2023 8:02:48 PM,An
Sep 10, 2023 8:14:50 PM,Aus
Sep 10, 2023 8:40:47 PM,An
Sep 10, 2023 9:54:17 PM,Aus
Sep 11, 2023 7:02:48 PM,An
Sep 11, 2023 7:51:15 PM,Aus